{"cameraMode":{"drawMode":0,"name":"Shaded","section":"Shading Mode"},"sceneLighting":false,"audioPlay":false,"sceneViewState":{"m_AlwaysRefresh":false,"showFog":true,"showSkybox":true,"showFlares":true,"showImageEffects":true,"showParticleSystems":true,"showVisualEffectGraphs":true,"m_FxEnabled":true},"in2DMode":false,"pivot":{"x":-12.616856575012207,"y":-10.890753746032715,"z":14.404427528381348},"rotation":{"x":0.22255690395832063,"y":-0.35833075642585757,"z":0.08837717026472092,"w":0.9023691415786743},"size":16.297882080078126,"orthographic":false}